{"_runtime":3,"class_1_recall":0.23076923076923078,"class_2_recall":1,"class_2_precision":0.5652173913043478,"class_1_precision":0.75,"class_2_f1":0.7222222222222222,"_step":4,"confusion_matrix":{"sha256":"7a4347db5ec6f76107d4903c5d380afc9d51121d4ee8c1512da8619bfa5b29ea","size":16456,"path":"media/images/confusion_matrix_4_7a4347db5ec6f76107d4.png","format":"png","width":400,"height":400,"_type":"image-file"},"_timestamp":1.7616266526456776e+09,"class_0_precision":1,"class_0_f1":0.972972972972973,"class_1_f1":0.35294117647058826,"_wandb":{"runtime":3},"accuracy":0.7555555555555555,"class_0_recall":0.9473684210526315}