{"_wandb":{"runtime":3},"confusion_matrix":{"format":"png","width":400,"height":400,"_type":"image-file","sha256":"06fd957660e92a0d0e7231c30a2ee7a909a33a6b625eacfbaf8ae781b10170a8","size":16265,"path":"media/images/confusion_matrix_4_06fd957660e92a0d0e72.png"},"_step":4,"class_1_f1":0.32,"_timestamp":1.761626591265528e+09,"class_0_recall":0.5789473684210527,"_runtime":3,"class_1_precision":0.3333333333333333,"class_2_precision":0.5909090909090909,"class_1_recall":0.3076923076923077,"class_2_f1":0.7428571428571429,"class_0_precision":1,"accuracy":0.6222222222222222,"class_0_f1":0.7333333333333333,"class_2_recall":1}